<code_scheme name="Default" version="173">
  <option name="AUTODETECT_INDENTS" value="false" />
  <option name="OTHER_INDENT_OPTIONS">
    <value>
      <option name="INDENT_SIZE" value="2" />
      <option name="TAB_SIZE" value="2" />
      <option name="USE_TAB_CHARACTER" value="true" />
      <option name="SMART_TABS" value="true" />
    </value>
  </option>
  <option name="WRAP_WHEN_TYPING_REACHES_RIGHT_MARGIN" value="true" />
  <JSCodeStyleSettings version="0">
    <option name="USE_SEMICOLON_AFTER_STATEMENT" value="false" />
    <option name="USE_DOUBLE_QUOTES" value="false" />
    <option name="FORCE_QUOTE_STYlE" value="true" />
  </JSCodeStyleSettings>
  <TypeScriptCodeStyleSettings version="0">
    <option name="USE_DOUBLE_QUOTES" value="false" />
    <option name="FORCE_QUOTE_STYlE" value="true" />
  </TypeScriptCodeStyleSettings>
  <codeStyleSettings language="CSS">
    <indentOptions>
      <option name="INDENT_SIZE" value="2" />
      <option name="TAB_SIZE" value="2" />
    </indentOptions>
  </codeStyleSettings>
  <codeStyleSettings language="HTML">
    <indentOptions>
      <option name="INDENT_SIZE" value="2" />
      <option name="TAB_SIZE" value="2" />
    </indentOptions>
  </codeStyleSettings>
  <codeStyleSettings language="JavaScript">
    <option name="RIGHT_MARGIN" value="120" />
    <option name="WRAP_ON_TYPING" value="0" />
    <indentOptions>
      <option name="INDENT_SIZE" value="2" />
      <option name="CONTINUATION_INDENT_SIZE" value="2" />
      <option name="TAB_SIZE" value="2" />
    </indentOptions>
  </codeStyleSettings>
  <codeStyleSettings language="LESS">
    <indentOptions>
      <option name="TAB_SIZE" value="2" />
    </indentOptions>
  </codeStyleSettings>
  <codeStyleSettings language="SASS">
    <indentOptions>
      <option name="TAB_SIZE" value="2" />
    </indentOptions>
  </codeStyleSettings>
  <codeStyleSettings language="SCSS">
    <indentOptions>
      <option name="TAB_SIZE" value="2" />
    </indentOptions>
  </codeStyleSettings>
  <codeStyleSettings language="Stylus">
    <indentOptions>
      <option name="TAB_SIZE" value="2" />
    </indentOptions>
  </codeStyleSettings>
  <codeStyleSettings language="TypeScript">
    <indentOptions>
      <option name="INDENT_SIZE" value="2" />
      <option name="CONTINUATION_INDENT_SIZE" value="2" />
      <option name="TAB_SIZE" value="2" />
    </indentOptions>
  </codeStyleSettings>
</code_scheme>