<application>
  <component name="libraryTable">
    <library name="@types/morgan" type="javaScript">
      <CLASSES />
      <SOURCES />
    </library>
    <library name="@types/passport" type="javaScript">
      <CLASSES />
      <SOURCES />
    </library>
    <library name="jquery-1.12.4" type="javaScript">
      <properties>
        <option name="frameworkName" value="jQuery" />
        <sourceFilesUrls>
          <item url="file://$APPLICATION_CONFIG_DIR$/javascript/extLibs/http_code.jquery.com_jquery-1.12.4.js" />
        </sourceFilesUrls>
      </properties>
      <CLASSES>
        <root url="file://$APPLICATION_CONFIG_DIR$/javascript/extLibs/http_code.jquery.com_jquery-1.12.4.js" />
      </CLASSES>
      <DOCUMENTATION>
        <root url="http://api.jquery.com" />
      </DOCUMENTATION>
      <SOURCES />
    </library>
  </component>
</application>