<application>
  <component name="FileTypeManager" version="17">
    <extensionMap>
      <mapping pattern="index" type="ECMAScript 6" />
      <mapping pattern="User" type="ECMAScript 6" />
      <mapping pattern="courses" type="JavaScript" />
      <mapping pattern="add" type="Native" />
      <mapping pattern="actionTypes" type="Native" />
      <mapping pattern="main.hbs" type="PLAIN_TEXT" />
      <mapping pattern=".gitignore " type="PLAIN_TEXT" />
      <mapping pattern=".gitkeep" type="PLAIN_TEXT" />
      <mapping pattern="index.ejs" type="PLAIN_TEXT" />
      <mapping pattern="navbar.hbs" type="PLAIN_TEXT" />
      <mapping pattern="considerResults" type="SCSS" />
      <mapping pattern="socialLinks" type="SCSS" />
      <mapping pattern="OutputCounter" type="SCSS" />
    </extensionMap>
  </component>
</application>