<application>
  <component name="MaterialCustomThemeConfig">
    <option name="excludedColor" value="37373dff" />
    <option name="accentColor" value="42a5f5ff" />
    <option name="notificationsColor" value="262a33ff" />
    <option name="treeSelectionColor" value="09477170" />
    <option name="highlightColor" value="08507c50" />
    <option name="secondBorderColor" value="404552ff" />
    <option name="tableSelectedColor" value="41416aff" />
    <option name="contrastColor" value="262b33ff" />
    <option name="disabledColor" value="d3dae345" />
    <option name="secondaryBackgroundColor" value="393f4cff" />
    <option name="buttonColor" value="383c4aff" />
    <option name="selectionForegroundColor" value="ffffffff" />
    <option name="selectionBackgroundColor" value="8888ff55" />
    <option name="textColor" value="8b9eb5ff" />
    <option name="foregroundColor" value="d3dae3ff" />
    <option name="backgroundColor" value="2f343fff" />
  </component>
</application>