<application>
  <component name="MaterialThemeConfig">
    <option name="contrastMode" value="true" />
    <option name="isContrastMode" value="true" />
    <option name="isWizardShown" value="true" />
    <option name="pristineConfig" value="false" />
    <option name="treeFontSizeEnabled" value="true" />
    <option name="tabFontSizeEnabled" value="true" />
    <option name="treeFontSize" value="20" />
    <option name="tabFontSize" value="20" />
    <option name="rightTreeIndent" value="6" />
    <option name="accentColor" value="5b91ff" />
    <option name="selectedTheme" value="NATIVE" />
    <option name="userId" value="-4d8610c3:16ea3273cdb:-8000" />
    <option name="version" value="5.2.0" />
  </component>
</application>